symbol,model,prediction_file,pnl_mode,negative_mode,trading_days,first_date,last_date,ref_close,ref_price_date_used,shares,invested_notional,pnl_predicted,pnl_actual,final_equity_predicted,final_equity_actual,total_return_predicted,total_return_actual,days_long_predicted,days_short_predicted,days_flat_predicted,days_long_actual,days_short_actual,days_flat_actual,return_gap_actual_minus_predicted,total_return_sign_predicted,total_return_sign_actual,predicted_underperforms_actual
AATM,Prophet,AATM_predictions_20260311_054013_20260304_20260511.csv,shares,short,25,2026-03-04,2026-04-09,34.71,2026-03-19,2881.0,99999.51000000001,-15845.499999999982,60616.240000000005,84154.50000000001,160616.24,-0.15845499999999982,0.6061624000000001,8,17,0,9,6,10,0.7646173999999999,-1,1,True
ABOT,Prophet,ABOT_predictions_20260311_054420_20260304_20260511.csv,shares,short,25,2026-03-04,2026-04-09,930.64,2026-03-19,107.0,99578.48,-3579.1499999999933,60860.529999999955,96420.85,160860.52999999997,-0.035791499999999934,0.6086052999999996,25,0,0,10,15,0,0.6443967999999995,-1,1,True
ACIETF,Prophet,ACIETF_predictions_20260311_143055_20260304_20260511.csv,shares,short,25,2026-03-04,2026-04-09,15.12,2026-03-19,6614.0,100003.68,-2513.3199999999943,73812.23999999999,97486.68000000001,173812.24,-0.025133199999999942,0.7381224,0,25,0,9,15,1,0.7632555999999999,-1,1,True
ADAMS,Prophet,ADAMS_predictions_20260311_054736_20260304_20260511.csv,shares,short,25,2026-03-04,2026-04-09,77.78,2026-03-19,1286.0,100025.08,-9619.280000000004,22016.31999999999,90380.72,122016.31999999999,-0.09619280000000004,0.2201631999999999,0,25,0,5,4,16,0.3163559999999999,-1,1,True
ADMM,Prophet,ADMM_predictions_20260311_054915_20260304_20260511.csv,shares,short,25,2026-03-04,2026-04-09,47.9,2026-03-19,2088.0,100015.2,-5846.400000000007,62681.75999999998,94153.59999999999,162681.75999999998,-0.05846400000000007,0.6268175999999998,0,25,0,12,13,0,0.6852815999999998,-1,1,True
AGIL,Prophet,AGIL_predictions_20260311_055420_20260304_20260511.csv,shares,short,25,2026-03-04,2026-04-09,131.36,2026-03-19,761.0,99964.96,-3257.0799999999963,70148.97999999997,96742.92,170148.97999999998,-0.03257079999999996,0.7014897999999997,25,0,0,13,12,0,0.7340605999999997,-1,1,True
AGL,XGBoost,AGL_predictions_20260311_055614_20260304_20260511.csv,shares,short,25,2026-03-04,2026-04-09,50.51,2026-03-19,1980.0,100009.8,-40332.599999999984,77160.59999999996,59667.400000000016,177160.59999999998,-0.40332599999999985,0.7716059999999996,10,15,0,12,13,0,1.1749319999999994,-1,1,True
AGSML,RandomForest,AGSML_predictions_20260311_143250_20260304_20260511.csv,shares,short,25,2026-03-04,2026-04-09,7.54,2026-03-19,13263.0,100003.02,-61142.429999999964,112072.34999999999,38857.570000000036,212072.34999999998,-0.6114242999999996,1.1207235,11,14,0,13,12,0,1.7321477999999995,-1,1,True
AHCL,Prophet,AHCL_predictions_20260311_060154_20260304_20260511.csv,shares,short,25,2026-03-04,2026-04-09,13.25,2026-03-19,7547.0,99997.75,-2943.3300000000045,92903.57000000002,97056.67,192903.57,-0.029433300000000044,0.9290357000000002,0,25,0,13,11,1,0.9584690000000002,-1,1,True
AICL,Prophet,AICL_predictions_20260311_060543_20260304_20260511.csv,shares,short,25,2026-03-04,2026-04-09,67.64,2026-03-19,1478.0,99971.92,-20529.419999999976,112549.69999999994,79470.58000000002,212549.69999999995,-0.20529419999999976,1.1254969999999993,0,25,0,10,14,1,1.330791199999999,-1,1,True
AIRLINK,XGBoost,AIRLINK_predictions_20260311_143419_20260304_20260511.csv,shares,short,25,2026-03-04,2026-04-09,136.86,2026-03-19,731.0,100044.66,-19225.299999999967,78100.04000000007,80774.70000000004,178100.04000000007,-0.19225299999999967,0.7810004000000007,12,13,0,11,14,0,0.9732534000000004,-1,1,True
AKDSL,Prophet,AKDSL_predictions_20260311_060949_20260304_20260511.csv,shares,short,25,2026-03-04,2026-04-09,29.73,2026-03-19,3364.0,100011.72,-3464.9199999999964,115822.51999999997,96535.08,215822.51999999996,-0.03464919999999996,1.1582251999999997,25,0,0,12,13,0,1.1928743999999998,-1,1,True
AKGL,Prophet,AKGL_predictions_20260311_060954_20260304_20260511.csv,shares,short,7,2026-03-25,2026-04-09,61.08,2026-04-09,1637.0,99987.95999999999,-9052.610000000002,9052.610000000002,90947.39,109052.61,-0.09052610000000003,0.09052610000000003,0,7,0,1,0,6,0.18105220000000005,-1,1,True
ALIFE,XGBoost,ALIFE_predictions_20260311_061054_20260304_20260511.csv,shares,short,24,2026-03-04,2026-04-09,33.38,2026-03-19,2996.0,100006.48000000001,-6980.679999999973,61088.43999999997,93019.32000000002,161088.43999999997,-0.06980679999999972,0.6108843999999998,12,12,0,5,6,13,0.6806911999999995,-1,1,True
ALNRS,XGBoost,ALNRS_predictions_20260311_061152_20260304_20260511.csv,shares,short,25,2026-03-04,2026-04-09,120.39,2026-03-19,831.0,100044.09,-5085.720000000027,37760.64,94914.27999999997,137760.64,-0.05085720000000027,0.3776064,6,19,0,5,8,12,0.4284636000000003,-1,1,True
AMBL,RandomForest,AMBL_predictions_20260311_143559_20260304_20260511.csv,shares,short,25,2026-03-04,2026-04-09,23.87,2026-03-19,4189.0,99991.43000000001,-2806.630000000019,87927.11,97193.36999999998,187927.11,-0.028066300000000193,0.8792711,11,14,0,13,11,1,0.9073374000000002,-1,1,True
AMTEX,XGBoost,AMTEX_predictions_20260311_061352_20260304_20260511.csv,shares,short,25,2026-03-04,2026-04-09,3.82,2026-03-19,26178.0,99999.95999999999,-8900.519999999984,100523.52000000002,91099.48000000001,200523.52000000002,-0.08900519999999984,1.0052352000000002,4,21,0,13,11,1,1.0942404000000001,-1,1,True
ANTM,Prophet,ANTM_predictions_20260311_143623_20260304_20260511.csv,shares,short,21,2026-03-04,2026-04-09,24.2,2026-04-09,4132.0,99994.4,-9379.639999999996,34254.280000000006,90620.36,134254.28,-0.09379639999999996,0.34254280000000004,21,0,0,2,4,15,0.4363392,-1,1,True
APL,Prophet,APL_predictions_20260311_061738_20260304_20260511.csv,shares,short,25,2026-03-04,2026-04-09,519.3,2026-03-19,193.0,100224.9,-3298.3700000000053,58446.18999999999,96701.62999999999,158446.19,-0.03298370000000005,0.5844618999999999,0,25,0,9,16,0,0.6174455999999999,-1,1,True
ARPL,RandomForest,ARPL_predictions_20260311_061925_20260304_20260511.csv,shares,short,25,2026-03-04,2026-04-09,338.68,2026-03-19,295.0,99910.6,-29001.45000000002,66655.25000000003,70998.54999999999,166655.25000000003,-0.2900145000000002,0.6665525000000003,9,16,0,11,14,0,0.9565670000000005,-1,1,True
ARUJ,Prophet,ARUJ_predictions_20260311_062014_20260304_20260511.csv,shares,short,25,2026-03-04,2026-04-09,8.25,2026-03-19,12121.0,99998.25,-21332.96,93816.54000000001,78667.04000000001,193816.54,-0.21332959999999998,0.9381654,25,0,0,9,11,5,1.151495,-1,1,True
ASC,RandomForest,ASC_predictions_20260311_062206_20260304_20260511.csv,shares,short,25,2026-03-04,2026-04-09,9.77,2026-03-19,10235.0,99995.95,-15864.250000000004,66425.14999999995,84135.75,166425.14999999997,-0.15864250000000005,0.6642514999999996,5,20,0,13,12,0,0.8228939999999996,-1,1,True
ASL,RandomForest,ASL_predictions_20260311_062435_20260304_20260511.csv,shares,short,25,2026-03-04,2026-04-09,9.0,2026-03-19,11111.0,99999.0,-32444.12,81776.96000000002,67555.88,181776.96000000002,-0.3244412,0.8177696000000002,4,21,0,13,9,3,1.1422108000000002,-1,1,True
ASTM,RandomForest,ASTM_predictions_20260311_062808_20260304_20260511.csv,shares,short,25,2026-03-04,2026-04-09,14.1,2026-03-19,7092.0,99997.2,-11134.440000000002,67728.59999999998,88865.56,167728.59999999998,-0.11134440000000002,0.6772859999999997,0,25,0,12,9,4,0.7886303999999997,-1,1,True
ATIL,XGBoost,ATIL_predictions_20260311_063130_20260304_20260511.csv,shares,short,25,2026-03-04,2026-04-09,75.5,2026-03-19,1325.0,100037.5,-6081.749999999967,42757.75000000001,93918.25000000003,142757.75,-0.06081749999999967,0.42757750000000005,13,12,0,12,13,0,0.48839499999999975,-1,1,True
ATRL,RandomForest,ATRL_predictions_20260311_063459_20260304_20260511.csv,shares,short,25,2026-03-04,2026-04-09,812.54,2026-03-19,123.0,99942.42,-18197.849999999995,64972.28999999992,81802.15000000001,164972.28999999992,-0.18197849999999996,0.6497228999999992,9,16,0,13,12,0,0.8317013999999991,-1,1,True
BAFL,Prophet,BAFL_predictions_20260311_063847_20260304_20260511.csv,shares,short,25,2026-03-04,2026-04-09,108.97,2026-03-19,918.0,100034.45999999999,-10465.19999999999,65765.52,89534.80000000002,165765.52000000002,-0.1046519999999999,0.6576552,2,23,0,12,13,0,0.7623071999999999,-1,1,True
BATA,Prophet,BATA_predictions_20260311_064325_20260304_20260511.csv,shares,short,25,2026-03-04,2026-04-09,1019.63,2026-03-19,98.0,99923.74,-7874.300000000002,40902.260000000024,92125.7,140902.26,-0.07874300000000002,0.40902260000000024,0,25,0,14,11,0,0.48776560000000024,-1,1,True
BBFL,Prophet,BBFL_predictions_20260311_143816_20260304_20260511.csv,shares,short,25,2026-03-04,2026-04-09,36.15,2026-03-19,2766.0,99990.9,-13995.960000000008,66605.27999999998,86004.04,166605.27999999997,-0.13995960000000007,0.6660527999999999,21,4,0,13,12,0,0.8060124,-1,1,True
BECO,RandomForest,BECO_predictions_20260311_064643_20260304_20260511.csv,shares,short,25,2026-03-04,2026-04-09,4.55,2026-03-19,21978.0,99999.9,-1318.6799999999716,89230.68000000001,98681.32000000002,189230.68,-0.013186799999999716,0.8923068000000001,17,8,0,9,14,2,0.9054935999999998,-1,1,True
BELA,Prophet,BELA_predictions_20260311_064703_20260304_20260511.csv,shares,short,25,2026-03-04,2026-04-09,72.78,2026-03-19,1374.0,99999.72,-35778.95999999999,138169.44,64221.04000000001,238169.44,-0.35778959999999993,1.3816944,13,12,0,12,10,3,1.739484,-1,1,True
BERG,Prophet,BERG_predictions_20260311_064859_20260304_20260511.csv,shares,short,25,2026-03-04,2026-04-09,86.95,2026-03-19,1150.0,99992.5,-2069.9999999999955,50623.00000000003,97930.0,150623.00000000003,-0.020699999999999955,0.5062300000000003,0,25,0,9,16,0,0.5269300000000002,-1,1,True
BFMOD,Prophet,BFMOD_predictions_20260311_064934_20260304_20260511.csv,shares,short,25,2026-03-04,2026-04-09,17.89,2026-03-19,5590.0,100005.1,-29738.800000000003,156743.59999999998,70261.2,256743.59999999998,-0.29738800000000004,1.5674359999999998,4,21,0,13,12,0,1.8648239999999998,-1,1,True
BHAT,XGBoost,BHAT_predictions_20260311_065157_20260303_20260508.csv,shares,short,13,2026-03-12,2026-04-09,780.42,2026-04-09,128.0,99893.76,-12410.87999999999,35773.43999999999,87589.12000000001,135773.44,-0.1241087999999999,0.3577343999999999,6,7,0,4,3,6,0.4818431999999998,-1,1,True
BML,RandomForest,BML_predictions_20260311_143844_20260304_20260511.csv,shares,short,25,2026-03-04,2026-04-09,60.44,2026-03-19,1655.0,100028.2,-20008.95000000004,69526.54999999996,79991.04999999996,169526.54999999996,-0.20008950000000042,0.6952654999999996,8,17,0,14,11,0,0.8953550000000001,-1,1,True
BNL,XGBoost,BNL_predictions_20260311_065724_20260304_20260511.csv,shares,short,25,2026-03-04,2026-04-09,8.14,2026-03-19,12285.0,99999.90000000001,-3562.649999999967,83169.44999999992,96437.35000000003,183169.44999999992,-0.03562649999999967,0.8316944999999992,1,24,0,12,13,0,0.8673209999999989,-1,1,True
BNWM,Prophet,BNWM_predictions_20260311_065845_20260304_20260511.csv,shares,short,25,2026-03-04,2026-04-09,57.07,2026-03-19,1752.0,99986.64,-21829.920000000006,83114.88000000003,78170.07999999999,183114.88000000003,-0.21829920000000005,0.8311488000000004,0,25,0,10,9,6,1.0494480000000004,-1,1,True
BOK,Prophet,BOK_predictions_20260311_070006_20260304_20260511.csv,shares,short,25,2026-03-04,2026-04-09,32.61,2026-03-19,3067.0,100014.87,-3557.720000000013,60174.53999999997,96442.27999999998,160174.53999999998,-0.03557720000000013,0.6017453999999998,0,25,0,13,11,1,0.6373225999999999,-1,1,True
BOP,Prophet,BOP_predictions_20260311_070200_20260304_20260511.csv,shares,short,25,2026-03-04,2026-04-09,25.88,2026-03-19,3864.0,100000.31999999999,-4945.920000000019,94281.60000000002,95054.07999999999,194281.60000000003,-0.04945920000000019,0.9428160000000002,17,8,0,13,12,0,0.9922752000000004,-1,1,True
BPL,RandomForest,BPL_predictions_20260311_070318_20260304_20260511.csv,shares,short,24,2026-03-04,2026-04-09,22.76,2026-03-19,4394.0,100007.44,-878.7999999999674,80234.43999999989,99121.20000000003,180234.4399999999,-0.008787999999999675,0.8023443999999988,2,22,0,10,11,3,0.8111323999999985,-1,1,True
BRRG,RandomForest,BRRG_predictions_20260311_143912_20260304_20260511.csv,shares,short,25,2026-03-04,2026-04-09,38.5,2026-03-19,2597.0,99984.5,-12309.780000000024,42279.16,87690.21999999997,142279.16,-0.12309780000000024,0.42279160000000005,16,9,0,12,12,1,0.5458894000000003,-1,1,True
BTL,RandomForest,BTL_predictions_20260311_070411_20260304_20260511.csv,shares,short,25,2026-03-04,2026-04-09,764.67,2026-03-19,131.0,100171.76999999999,-59517.229999999996,116290.01,40482.770000000004,216290.01,-0.5951723,1.1629000999999999,6,19,0,17,6,2,1.7580723999999999,-1,1,True
BWCL,RandomForest,BWCL_predictions_20260311_070741_20260304_20260511.csv,shares,short,25,2026-03-04,2026-04-09,434.95,2026-03-19,230.0,100038.5,-4588.499999999998,52630.9,95411.5,152630.9,-0.04588499999999998,0.526309,22,3,0,13,12,0,0.572194,-1,1,True
BWHL,RandomForest,BWHL_predictions_20260311_070856_20260304_20260511.csv,shares,short,25,2026-03-04,2026-04-09,174.81,2026-03-19,572.0,99991.32,-2305.160000000016,45525.47999999995,97694.83999999998,145525.47999999995,-0.02305160000000016,0.4552547999999995,21,4,0,15,10,0,0.4783063999999997,-1,1,True
CENI,XGBoost,CENI_predictions_20260311_071019_20260304_20260511.csv,shares,short,25,2026-03-04,2026-04-09,58.62,2026-03-19,1706.0,100005.72,-17657.100000000006,45396.66000000001,82342.9,145396.66,-0.17657100000000006,0.4539666000000001,14,11,0,13,9,3,0.6305376000000001,-1,1,True
CFL,Prophet,CFL_predictions_20260311_071218_20260304_20260511.csv,shares,short,23,2026-03-04,2026-04-09,51.07,2026-03-19,1958.0,99995.06,-29487.480000000003,53022.64,70512.51999999999,153022.64,-0.29487480000000005,0.5302264,0,23,0,4,2,17,0.8251012,-1,1,True
CHBL,XGBoost,CHBL_predictions_20260311_071333_20260304_20260511.csv,shares,short,25,2026-03-04,2026-04-09,8.0,2026-03-19,12500.0,100000.0,-52124.99999999996,126624.99999999997,47875.00000000004,226624.99999999997,-0.5212499999999997,1.2662499999999997,12,13,0,9,16,0,1.7874999999999992,-1,1,True
CHCC,Prophet,CHCC_predictions_20260311_071533_20260304_20260511.csv,shares,short,25,2026-03-04,2026-04-09,248.71,2026-03-19,402.0,99981.42,-10552.5,94176.54000000001,89447.5,194176.54,-0.105525,0.9417654000000001,0,25,0,11,14,0,1.0472904,-1,1,True
CLCPS,RandomForest,CLCPS_predictions_20260311_071546_20260304_20260511.csv,shares,short,25,2026-03-04,2026-04-09,2.78,2026-03-19,35971.0,99999.37999999999,-15107.81999999996,112229.52000000002,84892.18000000004,212229.52000000002,-0.1510781999999996,1.1222952000000002,22,3,0,10,13,2,1.2733733999999997,-1,1,True
CLOV,Prophet,CLOV_predictions_20260311_071753_20260304_20260511.csv,shares,short,25,2026-03-04,2026-04-09,59.0,2026-03-19,1695.0,100005.0,-2474.6999999999884,91055.39999999998,97525.30000000002,191055.39999999997,-0.024746999999999884,0.9105539999999998,8,17,0,14,11,0,0.9353009999999996,-1,1,True
CPHL,RandomForest,CPHL_predictions_20260311_072340_20260304_20260511.csv,shares,short,25,2026-03-04,2026-04-09,72.92,2026-03-19,1371.0,99973.32,-22470.68999999995,72265.41000000002,77529.31000000006,172265.41000000003,-0.22470689999999952,0.7226541000000002,13,12,0,14,11,0,0.9473609999999997,-1,1,True
CPPL,Prophet,CPPL_predictions_20260311_072536_20260304_20260511.csv,shares,short,25,2026-03-04,2026-04-09,71.42,2026-03-19,1400.0,99988.0,-4115.999999999996,79212.00000000001,95884.0,179212.0,-0.04115999999999996,0.7921200000000002,0,25,0,14,11,0,0.8332800000000001,-1,1,True
CSAP,XGBoost,CSAP_predictions_20260311_072919_20260304_20260511.csv,shares,short,25,2026-03-04,2026-04-09,83.35,2026-03-19,1200.0,100020.0,-37308.00000000004,107220.00000000006,62691.99999999996,207220.00000000006,-0.37308000000000036,1.0722000000000005,8,17,0,11,14,0,1.4452800000000008,-1,1,True
CSIL,Prophet,CSIL_predictions_20260311_073110_20260304_20260511.csv,shares,short,25,2026-03-04,2026-04-09,4.42,2026-03-19,22624.0,99998.08,-10859.51999999999,112215.03999999998,89140.48000000001,212215.03999999998,-0.10859519999999989,1.1221503999999998,0,25,0,13,12,0,1.2307455999999997,-1,1,True
CTM,RandomForest,CTM_predictions_20260311_144337_20260304_20260511.csv,shares,short,25,2026-03-04,2026-04-09,5.4,2026-03-19,18519.0,100002.6,-34074.959999999985,80002.08000000002,65925.04000000001,180002.08000000002,-0.3407495999999998,0.8000208000000002,9,16,0,15,9,1,1.1407704,-1,1,True
DBCI,Prophet,DBCI_predictions_20260311_073520_20260304_20260511.csv,shares,short,25,2026-03-04,2026-04-09,5.1,2026-03-19,19608.0,100000.79999999999,-26666.87999999997,132157.92000000004,73333.12000000002,232157.92000000004,-0.2666687999999997,1.3215792000000004,17,8,0,11,14,0,1.588248,-1,1,True
DFML,XGBoost,DFML_predictions_20260311_074109_20260304_20260511.csv,shares,short,25,2026-03-04,2026-04-09,15.96,2026-03-19,6266.0,100005.36,-26129.219999999994,86533.45999999998,73870.78,186533.45999999996,-0.2612921999999999,0.8653345999999997,12,13,0,15,10,0,1.1266267999999997,-1,1,True
DGKC,RandomForest,DGKC_predictions_20260311_074507_20260304_20260511.csv,shares,short,25,2026-03-04,2026-04-09,159.97,2026-03-19,625.0,99981.25,-18881.24999999997,114143.75000000001,81118.75000000003,214143.75,-0.18881249999999972,1.1414375,5,20,0,12,13,0,1.33025,-1,1,True
DNCC,XGBoost,DNCC_predictions_20260311_074741_20260304_20260511.csv,shares,short,25,2026-03-04,2026-04-09,17.14,2026-03-19,5834.0,99994.76000000001,-23977.73999999996,71933.21999999999,76022.26000000004,171933.21999999997,-0.2397773999999996,0.7193321999999999,9,16,0,10,15,0,0.9591095999999995,-1,1,True
DOL,Prophet,DOL_predictions_20260311_074933_20260304_20260511.csv,shares,short,25,2026-03-04,2026-04-09,27.2,2026-03-19,3676.0,99987.2,-2279.119999999993,60065.84000000003,97720.88,160065.84000000003,-0.02279119999999993,0.6006584000000004,25,0,0,13,12,0,0.6234496000000003,-1,1,True
DSIL,XGBoost,DSIL_predictions_20260311_075132_20260304_20260511.csv,shares,short,25,2026-03-04,2026-04-09,6.38,2026-03-19,15674.0,100000.12,1.8189894035458565e-12,92476.60000000005,100000.0,192476.60000000003,1.8189894035458566e-17,0.9247660000000005,15,10,0,13,11,1,0.9247660000000005,0,1,True
DWAE,Prophet,DWAE_predictions_20260311_075340_20260304_20260511.csv,shares,short,25,2026-03-04,2026-04-09,19.0,2026-03-19,5263.0,99997.0,-45261.80000000004,87050.02,54738.19999999996,187050.02000000002,-0.4526180000000004,0.8705002000000001,8,17,0,13,9,3,1.3231182000000006,-1,1,True
DWSM,Prophet,DWSM_predictions_20260311_075524_20260304_20260511.csv,shares,short,25,2026-03-04,2026-04-09,5.2,2026-03-19,19231.0,100001.2,-4423.129999999991,89039.53000000003,95576.87000000001,189039.53000000003,-0.04423129999999991,0.8903953000000003,25,0,0,14,11,0,0.9346266000000002,-1,1,True
ECOP,XGBoost,ECOP_predictions_20260311_075929_20260304_20260511.csv,shares,short,25,2026-03-04,2026-04-09,39.17,2026-03-19,2553.0,100001.01000000001,-15573.299999999985,96656.58000000002,84426.70000000001,196656.58000000002,-0.15573299999999984,0.9665658000000001,12,13,0,13,12,0,1.1222988,-1,1,True
EFERT,XGBoost,EFERT_predictions_20260311_080119_20260304_20260511.csv,shares,short,25,2026-03-04,2026-04-09,200.98,2026-03-19,498.0,100088.04,-12793.619999999959,50771.1,87206.38000000003,150771.1,-0.12793619999999958,0.507711,10,15,0,10,15,0,0.6356471999999996,-1,1,True
EFUL,RandomForest,EFUL_predictions_20260311_080341_20260304_20260511.csv,shares,short,25,2026-03-04,2026-04-09,144.03,2026-03-19,694.0,99956.82,-3976.6200000000454,45935.859999999964,96023.37999999996,145935.85999999996,-0.03976620000000045,0.4593585999999996,15,10,0,12,13,0,0.4991248000000001,-1,1,True
ELCM,RandomForest,ELCM_predictions_20260311_080346_20260304_20260511.csv,shares,short,24,2026-03-04,2026-04-09,157.48,2026-03-19,635.0,99999.79999999999,-27108.15,40836.85,72891.85,140836.85,-0.27108150000000003,0.40836849999999997,13,11,0,2,5,17,0.67945,-1,1,True
EMCO,Prophet,EMCO_predictions_20260311_080547_20260304_20260511.csv,shares,short,25,2026-03-04,2026-04-09,38.05,2026-03-19,2628.0,99995.4,-4467.600000000004,88826.4,95532.4,188826.4,-0.04467600000000004,0.8882639999999999,0,25,0,12,13,0,0.93294,-1,1,True
EPCL,Prophet,EPCL_predictions_20260311_144717_20260304_20260511.csv,shares,short,25,2026-03-04,2026-04-09,32.06,2026-03-19,3119.0,99995.14000000001,-17435.21,116681.78999999998,82564.79000000001,216681.78999999998,-0.17435209999999998,1.1668178999999999,0,25,0,11,14,0,1.3411699999999998,-1,1,True
EPCLPS,RandomForest,EPCLPS_predictions_20260311_144817_20260304_20260511.csv,shares,short,21,2026-03-04,2026-04-09,12.3,2026-03-19,8130.0,99999.0,-24146.100000000024,31300.50000000004,75853.89999999998,131300.50000000003,-0.24146100000000023,0.3130050000000004,14,7,0,5,7,9,0.5544660000000007,-1,1,True
ESBL,Prophet,ESBL_predictions_20260311_080753_20260304_20260511.csv,shares,short,25,2026-03-04,2026-04-09,12.67,2026-03-19,7893.0,100004.31,-51067.709999999985,131260.59,48932.290000000015,231260.59,-0.5106770999999999,1.3126058999999999,25,0,0,10,15,0,1.8232829999999998,-1,1,True
EXIDE,Prophet,EXIDE_predictions_20260311_080950_20260304_20260511.csv,shares,short,25,2026-03-04,2026-04-09,422.28,2026-03-19,237.0,100080.36,-16886.24999999999,62328.63000000001,83113.75000000001,162328.63,-0.1688624999999999,0.6232863000000001,17,8,0,11,14,0,0.7921488,-1,1,True
FANM,Prophet,FANM_predictions_20260311_081233_20260304_20260511.csv,shares,short,25,2026-03-04,2026-04-09,6.01,2026-03-19,16639.0,100000.39,-27287.959999999977,151747.67999999996,72712.04000000002,251747.67999999996,-0.2728795999999998,1.5174767999999996,17,8,0,12,12,1,1.7903563999999994,-1,1,True
FCEPL,XGBoost,FCEPL_predictions_20260311_081845_20260304_20260511.csv,shares,short,25,2026-03-04,2026-04-09,73.27,2026-03-19,1365.0,100013.54999999999,-10756.199999999993,63199.500000000015,89243.8,163199.5,-0.10756199999999994,0.6319950000000002,5,20,0,13,12,0,0.7395570000000001,-1,1,True
FDPL,RandomForest,FDPL_predictions_20260311_145133_20260304_20260511.csv,shares,short,25,2026-03-04,2026-04-09,4.0,2026-03-19,25000.0,100000.0,-31499.999999999953,115499.99999999997,68500.00000000004,215499.99999999997,-0.3149999999999995,1.1549999999999998,10,15,0,11,10,4,1.4699999999999993,-1,1,True
FEM,Prophet,FEM_predictions_20260311_082427_20260304_20260511.csv,shares,short,25,2026-03-04,2026-04-09,8.17,2026-03-19,12240.0,100000.8,-10281.600000000031,91800.00000000006,89718.39999999997,191800.00000000006,-0.10281600000000031,0.9180000000000006,24,1,0,10,11,4,1.0208160000000008,-1,1,True
FFC,Prophet,FFC_predictions_20260311_082817_20260304_20260511.csv,shares,short,25,2026-03-04,2026-04-09,493.96,2026-03-19,202.0,99779.92,-1957.380000000011,61700.90000000001,98042.62,161700.90000000002,-0.01957380000000011,0.6170090000000001,0,25,0,12,13,0,0.6365828000000002,-1,1,True
FFLM,Prophet,FFLM_predictions_20260311_083053_20260304_20260511.csv,shares,short,25,2026-03-04,2026-04-09,6.89,2026-03-19,14514.0,100001.45999999999,-21190.440000000002,103920.23999999999,78809.56,203920.24,-0.21190440000000002,1.0392024,0,25,0,14,9,2,1.2511068,-1,1,True
FIMM,XGBoost,FIMM_predictions_20260311_083315_20260304_20260511.csv,shares,short,14,2026-03-04,2026-04-09,192.66,2026-03-19,519.0,99990.54,-8848.950000000006,8848.950000000006,91151.04999999999,108848.95000000001,-0.08848950000000007,0.08848950000000007,6,8,0,1,0,13,0.17697900000000014,-1,1,True
FNEL,RandomForest,FNEL_predictions_20260311_083726_20260304_20260511.csv,shares,short,25,2026-03-04,2026-04-09,1.25,2026-03-19,80000.0,100000.0,-13600.0,111200.00000000003,86400.0,211200.00000000003,-0.136,1.1120000000000003,6,19,0,9,13,3,1.2480000000000002,-1,1,True
FPRM,Prophet,FPRM_predictions_20260311_083947_20260304_20260511.csv,shares,short,22,2026-03-04,2026-04-09,12.4,2026-03-19,8065.0,100006.0,-483.9000000000021,52261.20000000001,99516.09999999999,152261.2,-0.004839000000000021,0.5226120000000001,22,0,0,8,6,8,0.5274510000000001,-1,1,True
FTMM,RandomForest,FTMM_predictions_20260311_084307_20260304_20260511.csv,shares,short,24,2026-03-04,2026-04-09,12.14,2026-03-19,8237.0,99997.18000000001,-28335.280000000024,67378.65999999997,71664.71999999997,167378.65999999997,-0.28335280000000024,0.6737865999999998,3,21,0,10,8,6,0.9571394,-1,1,True
FTSM,RandomForest,FTSM_predictions_20260311_084336_20260304_20260511.csv,shares,short,25,2026-03-04,2026-04-09,23.23,2026-03-19,4305.0,100005.15000000001,-1721.9999999999905,174783.0,98278.00000000001,274783.0,-0.017219999999999906,1.74783,14,11,0,14,11,0,1.76505,-1,1,True
GADT,RandomForest,GADT_predictions_20260311_084612_20260304_20260511.csv,shares,short,25,2026-03-04,2026-04-09,260.04,2026-03-19,385.0,100115.40000000001,-21325.150000000005,73823.74999999997,78674.84999999999,173823.74999999997,-0.21325150000000004,0.7382374999999997,22,3,0,15,10,0,0.9514889999999997,-1,1,True
GAL,RandomForest,GAL_predictions_20260311_145336_20260304_20260511.csv,shares,short,25,2026-03-04,2026-04-09,357.87,2026-03-19,279.0,99845.73,-51372.270000000004,98612.55000000005,48627.729999999996,198612.55000000005,-0.5137227000000001,0.9861255000000004,6,19,0,12,13,0,1.4998482000000006,-1,1,True
GAMON,Prophet,GAMON_predictions_20260311_084730_20260304_20260511.csv,shares,short,25,2026-03-04,2026-04-09,14.24,2026-03-19,7022.0,99993.28,-3932.3200000000134,88898.52000000002,96067.68,188898.52000000002,-0.039323200000000134,0.8889852000000001,0,25,0,12,10,3,0.9283084000000003,-1,1,True
GATI,Prophet,GATI_predictions_20260311_084907_20260304_20260511.csv,shares,short,25,2026-03-04,2026-04-09,72.84,2026-03-19,1373.0,100009.32,-1620.1399999999908,81885.72000000004,98379.86000000002,181885.72000000003,-0.016201399999999908,0.8188572000000004,0,25,0,14,11,0,0.8350586000000003,-1,1,True
GCIL,XGBoost,GCIL_predictions_20260311_145448_20260304_20260511.csv,shares,short,25,2026-03-04,2026-04-09,26.6,2026-03-19,3759.0,99989.40000000001,-8532.92999999996,101831.31,91467.07000000004,201831.31,-0.08532929999999961,1.0183131,8,17,0,14,11,0,1.1036423999999996,-1,1,True
GGGL,RandomForest,GGGL_predictions_20260311_085432_20260304_20260511.csv,shares,short,25,2026-03-04,2026-04-09,7.7,2026-03-19,12987.0,99999.90000000001,-129.86999999999807,66363.56999999998,99870.13,166363.56999999998,-0.0012986999999999808,0.6636356999999998,8,17,0,13,11,1,0.6649343999999998,-1,1,True
GHNI,Prophet,GHNI_predictions_20260311_090014_20260304_20260511.csv,shares,short,25,2026-03-04,2026-04-09,686.39,2026-03-19,146.0,100212.94,-11684.379999999997,85642.13999999997,88315.62,185642.13999999996,-0.11684379999999997,0.8564213999999997,25,0,0,11,14,0,0.9732651999999996,-1,1,True
GLAXO,Prophet,GLAXO_predictions_20260311_090202_20260304_20260511.csv,shares,short,25,2026-03-04,2026-04-09,316.79,2026-03-19,316.0,100105.64,-5485.760000000024,73823.92000000001,94514.23999999998,173823.92,-0.054857600000000235,0.7382392000000001,3,22,0,12,13,0,0.7930968000000004,-1,1,True
GLPL,RandomForest,GLPL_predictions_20260311_090338_20260227_20260506.csv,shares,short,18,2026-03-13,2026-04-09,700.0,2026-03-19,143.0,100100.0,0.0,85.799999999987,100000.0,100085.79999999999,0.0,0.0008579999999998699,0,18,0,3,3,12,0.0008579999999998699,0,1,True
GRYL,Prophet,GRYL_predictions_20260311_090509_20260304_20260511.csv,shares,short,24,2026-03-04,2026-04-09,18.76,2026-03-19,5330.0,99990.8,-9327.500000000005,101429.89999999994,90672.5,201429.89999999994,-0.09327500000000005,1.0142989999999994,0,24,0,9,8,7,1.1075739999999994,-1,1,True
GSPM,Prophet,GSPM_predictions_20260311_090523_20260304_20260511.csv,shares,short,22,2026-03-04,2026-04-09,3.93,2026-04-09,25445.0,99998.85,-11195.799999999985,162339.09999999998,88804.20000000001,262339.1,-0.11195799999999985,1.6233909999999998,7,15,0,10,9,3,1.7353489999999996,-1,1,True
GTYR,RandomForest,GTYR_predictions_20260311_090715_20260304_20260511.csv,shares,short,25,2026-03-04,2026-04-09,25.07,2026-03-19,3989.0,100004.23,-19426.430000000008,71283.43000000002,80573.56999999999,171283.43000000002,-0.19426430000000008,0.7128343000000003,9,16,0,13,11,1,0.9070986000000003,-1,1,True
GVGL,Prophet,GVGL_predictions_20260311_090919_20260304_20260511.csv,shares,short,25,2026-03-04,2026-04-09,50.05,2026-03-19,1998.0,99999.9,-28811.160000000047,87352.56000000001,71188.83999999995,187352.56,-0.28811160000000047,0.8735256000000001,13,12,0,11,11,3,1.1616372000000006,-1,1,True
GWLC,Prophet,GWLC_predictions_20260311_091111_20260304_20260511.csv,shares,short,25,2026-03-04,2026-04-09,40.97,2026-03-19,2441.0,100007.77,-11472.700000000006,114873.46000000004,88527.29999999999,214873.46000000002,-0.11472700000000007,1.1487346000000003,0,25,0,12,13,0,1.2634616000000003,-1,1,True
HABSM,Prophet,HABSM_predictions_20260311_091252_20260304_20260511.csv,shares,short,25,2026-03-04,2026-04-09,66.22,2026-03-19,1510.0,99992.2,-9346.899999999996,40664.299999999974,90653.1,140664.3,-0.09346899999999995,0.40664299999999975,0,25,0,16,9,0,0.5001119999999997,-1,1,True
HAEL,XGBoost,HAEL_predictions_20260311_091411_20260304_20260511.csv,shares,short,24,2026-03-04,2026-04-09,17.37,2026-03-19,5757.0,99999.09000000001,-9556.62,96947.88000000003,90443.38,196947.88000000003,-0.0955662,0.9694788000000003,12,12,0,10,11,3,1.0650450000000002,-1,1,True
HASCOL,Prophet,HASCOL_predictions_20260311_091612_20260304_20260511.csv,shares,short,25,2026-03-04,2026-04-09,17.5,2026-03-19,5714.0,99995.0,-15313.51999999999,91995.40000000001,84686.48000000001,191995.40000000002,-0.1531351999999999,0.919954,0,25,0,14,11,0,1.0730891999999999,-1,1,True
HCAR,Prophet,HCAR_predictions_20260311_092008_20260304_20260511.csv,shares,short,25,2026-03-04,2026-04-09,165.24,2026-03-19,605.0,99970.20000000001,-6896.999999999985,71329.50000000003,93103.00000000001,171329.50000000003,-0.06896999999999985,0.7132950000000003,0,25,0,13,12,0,0.7822650000000002,-1,1,True
HGFA,Prophet,HGFA_predictions_20260311_092136_20260304_20260511.csv,shares,short,25,2026-03-04,2026-04-09,14.78,2026-03-19,6766.0,100001.48,-3382.9999999999995,67389.36,96617.0,167389.36,-0.03382999999999999,0.6738936,0,25,0,14,10,1,0.7077236,-1,1,True
HICL,RandomForest,HICL_predictions_20260311_092253_20260304_20260511.csv,shares,short,25,2026-03-04,2026-04-09,10.9,2026-03-19,9174.0,99996.6,-4862.220000000012,90180.4200000001,95137.77999999998,190180.4200000001,-0.04862220000000012,0.901804200000001,1,24,0,12,12,1,0.9504264000000012,-1,1,True
HIFA,Prophet,HIFA_predictions_20260311_092431_20260304_20260511.csv,shares,short,25,2026-03-04,2026-04-09,4.7,2026-03-19,21277.0,100001.90000000001,-9787.419999999998,94895.42000000003,90212.58,194895.42000000004,-0.09787419999999998,0.9489542000000003,0,25,0,13,11,1,1.0468284000000003,-1,1,True
HINOON,Prophet,HINOON_predictions_20260311_092810_20260304_20260511.csv,shares,short,25,2026-03-04,2026-04-09,866.6,2026-03-19,115.0,99659.0,-7315.149999999999,70075.25000000003,92684.85,170075.25000000003,-0.07315149999999998,0.7007525000000003,0,25,0,9,16,0,0.7739040000000004,-1,1,True
HIRAT,RandomForest,HIRAT_predictions_20260311_092957_20260304_20260511.csv,shares,short,25,2026-03-04,2026-04-09,3.26,2026-03-19,30675.0,100000.5,-2147.24999999998,95399.24999999999,97852.75000000001,195399.25,-0.0214724999999998,0.9539924999999998,6,19,0,13,11,1,0.9754649999999996,-1,1,True
HPL,Prophet,HPL_predictions_20260311_145820_20260304_20260511.csv,shares,short,25,2026-03-04,2026-04-09,3953.19,2026-03-19,25.0,98829.75,-1096.5000000000032,38909.50000000003,98903.5,138909.50000000003,-0.010965000000000032,0.3890950000000003,25,0,0,11,14,0,0.40006000000000036,-1,1,True
HUMNL,Prophet,HUMNL_predictions_20260311_093655_20260304_20260511.csv,shares,short,25,2026-03-04,2026-04-09,11.61,2026-03-19,8613.0,99996.93,-86.12999999999829,78119.91000000002,99913.87,178119.91000000003,-0.0008612999999999829,0.7811991000000001,25,0,0,12,13,0,0.7820604000000001,-1,1,True
HUSI,Prophet,HUSI_predictions_20260311_093729_20260304_20260511.csv,shares,short,25,2026-03-04,2026-04-09,26.06,2026-03-19,3837.0,99992.22,-25055.61,113920.52999999998,74944.39,213920.52999999997,-0.2505561,1.1392052999999998,25,0,0,9,10,6,1.3897613999999998,-1,1,True
ICIBL,RandomForest,ICIBL_predictions_20260311_150215_20260304_20260511.csv,shares,short,25,2026-03-04,2026-04-09,4.0,2026-03-19,25000.0,100000.0,-21499.999999999978,79500.00000000001,78500.00000000003,179500.0,-0.21499999999999977,0.7950000000000002,2,23,0,13,11,1,1.01,-1,1,True
IDSM,Prophet,IDSM_predictions_20260311_094147_20260304_20260511.csv,shares,short,25,2026-03-04,2026-04-09,18.7,2026-03-19,5348.0,100007.59999999999,-34013.279999999984,75620.71999999999,65986.72000000002,175620.71999999997,-0.34013279999999985,0.7562071999999999,7,18,0,7,9,9,1.0963399999999996,-1,1,True
IDYM,RandomForest,IDYM_predictions_20260311_094337_20260304_20260511.csv,shares,short,25,2026-03-04,2026-04-09,96.04,2026-03-19,1041.0,99977.64,-2498.399999999993,69955.19999999995,97501.6,169955.19999999995,-0.02498399999999993,0.6995519999999995,24,1,0,11,14,0,0.7245359999999994,-1,1,True
IGIHL,Prophet,IGIHL_predictions_20260311_150543_20260304_20260511.csv,shares,short,25,2026-03-04,2026-04-09,197.79,2026-03-19,506.0,100081.73999999999,-13899.820000000014,63528.29999999993,86100.18,163528.29999999993,-0.13899820000000015,0.6352829999999993,6,19,0,14,11,0,0.7742811999999994,-1,1,True
IGIL,RandomForest,IGIL_predictions_20260311_150649_20260304_20260511.csv,shares,short,25,2026-03-04,2026-04-09,19.2,2026-03-19,5208.0,99993.59999999999,-26508.71999999998,72964.08000000005,73491.28000000003,172964.08000000005,-0.2650871999999998,0.7296408000000004,14,11,0,7,6,12,0.9947280000000003,-1,1,True
ILP,XGBoost,ILP_predictions_20260311_150842_20260304_20260511.csv,shares,short,25,2026-03-04,2026-04-09,76.98,2026-03-19,1299.0,99997.02,-30188.759999999995,83915.39999999992,69811.24,183915.3999999999,-0.3018875999999999,0.8391539999999992,10,15,0,12,13,0,1.141041599999999,-1,1,True
INKL,Prophet,INKL_predictions_20260311_095059_20260304_20260511.csv,shares,short,24,2026-03-04,2026-04-09,81.32,2026-03-19,1230.0,100023.59999999999,-6014.700000000001,33345.3,93985.3,133345.3,-0.060147000000000006,0.33345300000000005,22,2,0,8,6,10,0.39360000000000006,-1,1,True
ISIL,XGBoost,ISIL_predictions_20260311_095133_20260304_20260511.csv,shares,short,22,2026-03-04,2026-04-09,1919.7,2026-03-19,52.0,99824.40000000001,-10447.320000000014,31537.480000000018,89552.68,131537.48,-0.10447320000000014,0.3153748000000002,6,16,0,7,9,6,0.41984800000000033,-1,1,True
JATM,Prophet,JATM_predictions_20260311_095643_20260303_20260508.csv,shares,short,22,2026-03-06,2026-04-09,19.47,2026-03-19,5136.0,99997.92,-24704.159999999996,111913.43999999997,75295.84,211913.43999999997,-0.24704159999999997,1.1191343999999996,14,8,0,9,8,5,1.3661759999999996,-1,1,True
JGICL,XGBoost,JGICL_predictions_20260311_100021_20260304_20260511.csv,shares,short,25,2026-03-04,2026-04-09,73.76,2026-03-19,1356.0,100018.56000000001,-5532.480000000017,69698.39999999997,94467.51999999999,169698.39999999997,-0.05532480000000017,0.6969839999999996,18,7,0,11,14,0,0.7523087999999998,-1,1,True
JKSM,Prophet,JKSM_predictions_20260311_100107_20260304_20260511.csv,shares,short,23,2026-03-04,2026-04-09,168.94,2026-03-19,592.0,100012.48,-18109.279999999984,43387.68000000001,81890.72000000002,143387.68,-0.18109279999999983,0.43387680000000006,5,18,0,4,3,16,0.6149695999999999,-1,1,True
JSCL,Prophet,JSCL_predictions_20260311_100636_20260304_20260511.csv,shares,short,25,2026-03-04,2026-04-09,18.31,2026-03-19,5461.0,99990.90999999999,-3058.1599999999935,59634.119999999915,96941.84000000001,159634.1199999999,-0.030581599999999935,0.5963411999999991,0,25,0,11,14,0,0.6269227999999991,-1,1,True
JSIL,RandomForest,JSIL_predictions_20260311_100824_20260304_20260511.csv,shares,short,25,2026-03-04,2026-04-09,34.85,2026-03-19,2869.0,99984.65000000001,-16783.650000000005,96197.57,83216.34999999999,196197.57,-0.16783650000000006,0.9619757000000001,21,4,0,13,7,5,1.1298122000000002,-1,1,True
JVDC,RandomForest,JVDC_predictions_20260311_101110_20260304_20260511.csv,shares,short,25,2026-03-04,2026-04-09,104.05,2026-03-19,961.0,99992.05,-27599.919999999976,101769.89999999998,72400.08000000002,201769.89999999997,-0.2759991999999998,1.0176989999999997,2,23,0,13,12,0,1.2936981999999995,-1,1,True
KAPCO,Prophet,KAPCO_predictions_20260311_101307_20260304_20260511.csv,shares,short,25,2026-03-04,2026-04-09,26.91,2026-03-19,3716.0,99997.56,-2564.0400000000054,56297.40000000003,97435.95999999999,156297.40000000002,-0.025640400000000053,0.5629740000000003,25,0,0,11,14,0,0.5886144000000003,-1,1,True
KEL,RandomForest,KEL_predictions_20260311_101501_20260304_20260511.csv,shares,short,25,2026-03-04,2026-04-09,7.62,2026-03-19,13123.0,99997.26,-4986.739999999998,90286.24000000002,95013.26000000001,190286.24000000002,-0.04986739999999998,0.9028624000000002,0,25,0,12,12,1,0.9527298000000002,-1,1,True
KHYT,Prophet,KHYT_predictions_20260311_101655_20260304_20260511.csv,shares,short,20,2026-03-04,2026-04-08,1331.57,2026-04-08,75.0,99867.75,-2095.5000000000055,42989.999999999985,97904.5,142990.0,-0.020955000000000053,0.42989999999999984,12,8,0,5,7,8,0.4508549999999999,-1,1,True
KML,RandomForest,KML_predictions_20260311_101748_20260304_20260511.csv,shares,short,25,2026-03-04,2026-04-09,8.22,2026-03-19,12165.0,99996.3,-10948.499999999995,77126.10000000003,89051.5,177126.10000000003,-0.10948499999999994,0.7712610000000003,0,25,0,14,10,1,0.8807460000000003,-1,1,True
KOHC,Prophet,KOHC_predictions_20260311_101945_20260304_20260511.csv,shares,short,25,2026-03-04,2026-04-09,84.08,2026-03-19,1189.0,99971.12,-1165.2200000000066,99757.09999999995,98834.78,199757.09999999995,-0.011652200000000066,0.9975709999999994,0,25,0,10,15,0,1.0092231999999994,-1,1,True
KOHE,RandomForest,KOHE_predictions_20260311_102142_20260304_20260511.csv,shares,short,25,2026-03-04,2026-04-09,13.8,2026-03-19,7246.0,99994.8,-2608.5599999999963,44055.680000000015,97391.44,144055.68000000002,-0.026085599999999962,0.44055680000000014,24,1,0,11,14,0,0.4666424000000001,-1,1,True
KOHP,Prophet,KOHP_predictions_20260311_102319_20260304_20260511.csv,shares,short,25,2026-03-04,2026-04-09,23.0,2026-03-19,4348.0,100004.0,-20174.720000000005,88438.31999999996,79825.28,188438.31999999995,-0.20174720000000004,0.8843831999999996,0,25,0,15,9,1,1.0861303999999996,-1,1,True
KOHTM,RandomForest,KOHTM_predictions_20260311_102412_20260304_20260511.csv,shares,short,25,2026-03-04,2026-04-09,48.02,2026-03-19,2082.0,99977.64,-20632.62000000003,80011.26000000002,79367.37999999998,180011.26,-0.20632620000000032,0.8001126000000003,5,20,0,15,10,0,1.0064388000000006,-1,1,True
KSBP,RandomForest,KSBP_predictions_20260311_103000_20260304_20260511.csv,shares,short,25,2026-03-04,2026-04-09,201.97,2026-03-19,495.0,99975.15,-4192.650000000009,91203.74999999999,95807.34999999999,191203.75,-0.04192650000000009,0.9120374999999998,3,22,0,13,12,0,0.9539639999999999,-1,1,True
KSTM,Prophet,KSTM_predictions_20260311_103012_20260304_20260511.csv,shares,short,24,2026-03-04,2026-04-09,8.5,2026-03-19,11765.0,100002.5,-3882.4499999999757,56824.94999999998,96117.55000000002,156824.94999999998,-0.038824499999999755,0.5682494999999999,8,16,0,5,5,14,0.6070739999999996,-1,1,True
LCI,RandomForest,LCI_predictions_20260311_151240_20260304_20260511.csv,shares,short,25,2026-03-04,2026-04-09,222.16,2026-03-19,450.0,99972.0,-9760.5,41737.49999999997,90239.5,141737.49999999997,-0.097605,0.4173749999999997,0,25,0,11,14,0,0.5149799999999998,-1,1,True
LPGL,Prophet,LPGL_predictions_20260311_104014_20260304_20260511.csv,shares,short,25,2026-03-04,2026-04-09,74.37,2026-03-19,1345.0,100027.65000000001,-18937.599999999995,84923.29999999992,81062.40000000001,184923.29999999993,-0.18937599999999996,0.8492329999999991,20,5,0,14,9,2,1.038608999999999,-1,1,True
LPL,RandomForest,LPL_predictions_20260311_103512_20260304_20260511.csv,shares,short,25,2026-03-04,2026-04-09,18.09,2026-03-19,5528.0,100001.52,-34439.44000000001,73246.0,65560.56,173246.0,-0.3443944000000001,0.73246,3,22,0,14,11,0,1.0768544000000002,-1,1,True
MCB,XGBoost,MCB_predictions_20260311_104737_20260304_20260511.csv,shares,short,25,2026-03-04,2026-04-09,367.89,2026-03-19,272.0,100066.08,-2744.479999999993,57552.480000000025,97255.52,157552.48000000004,-0.027444799999999932,0.5755248000000003,8,17,0,12,13,0,0.6029696000000002,-1,1,True
MCBIM,Prophet,MCBIM_predictions_20260311_151523_20260304_20260511.csv,shares,short,25,2026-03-04,2026-04-09,181.3,2026-03-19,552.0,100077.6,-3339.600000000005,102246.96000000005,96660.4,202246.96000000005,-0.03339600000000005,1.0224696000000004,0,25,0,12,11,2,1.0558656000000004,-1,1,True
MEHT,RandomForest,MEHT_predictions_20260311_105210_20260304_20260511.csv,shares,short,25,2026-03-04,2026-04-09,244.84,2026-03-19,408.0,99894.72,-31093.68000000001,68654.16000000003,68906.31999999999,168654.16000000003,-0.3109368000000001,0.6865416000000003,3,22,0,11,5,9,0.9974784000000004,-1,1,True
MFFL,XGBoost,MFFL_predictions_20260311_105559_20260304_20260511.csv,shares,short,25,2026-03-04,2026-04-09,154.52,2026-03-19,647.0,99974.44,-1539.8599999999815,69423.09999999999,98460.14000000001,169423.09999999998,-0.015398599999999815,0.6942309999999999,12,13,0,16,9,0,0.7096295999999997,-1,1,True
MLCF,XGBoost,MLCF_predictions_20260311_105923_20260304_20260511.csv,shares,short,25,2026-03-04,2026-04-09,82.0,2026-03-19,1220.0,100040.0,-719.7999999999929,87290.99999999996,99280.20000000001,187290.99999999994,-0.007197999999999929,0.8729099999999995,6,19,0,12,13,0,0.8801079999999994,-1,1,True
MQTM,RandomForest,MQTM_predictions_20260311_105937_20260304_20260511.csv,shares,short,24,2026-03-04,2026-04-09,26.0,2026-03-19,3846.0,99996.0,-21345.300000000003,95419.26,78654.7,195419.26,-0.21345300000000003,0.9541926,24,0,0,9,10,5,1.1676456,-1,1,True
MRNS,Prophet,MRNS_predictions_20260311_110111_20260304_20260511.csv,shares,short,25,2026-03-04,2026-04-09,57.81,2026-03-19,1730.0,100011.3,-4376.9000000000015,42679.10000000003,95623.1,142679.10000000003,-0.043769000000000016,0.42679100000000025,15,10,0,11,13,1,0.47056000000000026,-1,1,True
MTL,Prophet,MTL_predictions_20260311_110453_20260304_20260511.csv,shares,short,25,2026-03-04,2026-04-09,497.72,2026-03-19,201.0,100041.72,-11615.790000000015,24857.67000000004,88384.20999999999,124857.67000000004,-0.11615790000000016,0.24857670000000037,7,18,0,13,12,0,0.3647346000000005,-1,1,True
MWMP,RandomForest,MWMP_predictions_20260311_110635_20260304_20260511.csv,shares,short,25,2026-03-04,2026-04-09,54.78,2026-03-19,1825.0,99973.5,-30331.499999999993,86067.00000000003,69668.5,186067.00000000003,-0.30331499999999995,0.8606700000000003,2,23,0,13,12,0,1.1639850000000003,-1,1,True
NATF,Prophet,NATF_predictions_20260311_110916_20260304_20260511.csv,shares,short,25,2026-03-04,2026-04-09,341.29,2026-03-19,293.0,99997.97,-35.1600000000019,61465.539999999986,99964.84,161465.53999999998,-0.000351600000000019,0.6146553999999999,0,25,0,10,15,0,0.6150069999999999,-1,1,True
NBP,RandomForest,NBP_predictions_20260311_111108_20260304_20260511.csv,shares,short,25,2026-03-04,2026-04-09,181.32,2026-03-19,552.0,100088.64,-20297.039999999954,118906.31999999993,79702.96000000005,218906.31999999995,-0.20297039999999952,1.1890631999999994,21,4,0,8,17,0,1.3920335999999989,-1,1,True
NBPGETF,Prophet,NBPGETF_predictions_20260311_152123_20260304_20260511.csv,shares,short,25,2026-03-04,2026-04-09,28.02,2026-03-19,3569.0,100003.38,-6638.339999999997,61957.83999999996,93361.66,161957.83999999997,-0.06638339999999997,0.6195783999999996,0,25,0,12,13,0,0.6859617999999996,-1,1,True
NCPL,Prophet,NCPL_predictions_20260311_111519_20260304_20260511.csv,shares,short,25,2026-03-04,2026-04-09,59.26,2026-03-19,1687.0,99971.62,-1012.2000000000148,117516.42000000004,98987.79999999999,217516.42000000004,-0.010122000000000148,1.1751642000000004,25,0,0,12,13,0,1.1852862000000006,-1,1,True
NETSOL,Prophet,NETSOL_predictions_20260311_111900_20260304_20260511.csv,shares,short,25,2026-03-04,2026-04-09,102.53,2026-03-19,975.0,99966.75,-19266.000000000007,70395.00000000001,80734.0,170395.0,-0.19266000000000008,0.7039500000000002,0,25,0,13,12,0,0.8966100000000002,-1,1,True
NEXT,XGBoost,NEXT_predictions_20260311_112032_20260304_20260511.csv,shares,short,25,2026-03-04,2026-04-09,11.71,2026-03-19,8540.0,100003.40000000001,-13834.79999999993,92232.00000000004,86165.20000000007,192232.00000000006,-0.1383479999999993,0.9223200000000005,8,17,0,13,11,1,1.0606679999999997,-1,1,True
NONS,RandomForest,NONS_predictions_20260311_112423_20260304_20260511.csv,shares,short,25,2026-03-04,2026-04-09,78.54,2026-03-19,1273.0,99981.42000000001,-2291.400000000034,35389.40000000004,97708.59999999996,135389.40000000002,-0.02291400000000034,0.3538940000000004,14,11,0,8,10,7,0.3768080000000007,-1,1,True
NRSL,Prophet,NRSL_predictions_20260311_113008_20260304_20260511.csv,shares,short,25,2026-03-04,2026-04-09,22.99,2026-03-19,4350.0,100006.5,-7351.50000000002,76342.5,92648.49999999999,176342.5,-0.0735150000000002,0.763425,3,22,0,13,12,0,0.8369400000000002,-1,1,True
NSRM,RandomForest,NSRM_predictions_20260311_113020_20260304_20260511.csv,shares,short,20,2026-03-04,2026-04-09,122.69,2026-03-19,815.0,99992.34999999999,-15811.000000000005,33610.600000000006,84189.0,133610.6,-0.15811000000000006,0.33610600000000007,3,17,0,3,1,16,0.4942160000000001,-1,1,True
OCTOPUS,Prophet,OCTOPUS_predictions_20260311_152320_20260304_20260511.csv,shares,short,25,2026-03-04,2026-04-09,28.59,2026-03-19,3498.0,100007.81999999999,-29418.179999999993,103435.85999999999,70581.82,203435.86,-0.29418179999999994,1.0343585999999998,8,17,0,13,12,0,1.3285403999999996,-1,1,True
OGDC,Prophet,OGDC_predictions_20260311_113345_20260304_20260511.csv,shares,short,25,2026-03-04,2026-04-09,276.61,2026-03-19,362.0,100132.82,-18074.660000000044,67552.81999999999,81925.33999999995,167552.82,-0.18074660000000042,0.6755281999999999,17,8,0,10,15,0,0.8562748000000003,-1,1,True
OLPL,Prophet,OLPL_predictions_20260311_113543_20260304_20260511.csv,shares,short,23,2026-03-04,2026-04-09,47.5,2026-03-19,2105.0,99987.5,-7367.5,44962.799999999996,92632.5,144962.8,-0.073675,0.44962799999999997,0,23,0,11,11,1,0.523303,-1,1,True
OML,RandomForest,OML_predictions_20260311_113717_20260304_20260511.csv,shares,short,17,2026-03-05,2026-04-09,28.6,2026-04-09,3497.0,100014.20000000001,-16261.049999999996,67317.24999999997,83738.95000000001,167317.24999999997,-0.16261049999999996,0.6731724999999997,12,5,0,5,6,6,0.8357829999999997,-1,1,True
PAKD,XGBoost,PAKD_predictions_20260311_114628_20260304_20260511.csv,shares,short,25,2026-03-04,2026-04-09,118.31,2026-03-19,845.0,99971.95,-19756.1,98307.30000000002,80243.9,198307.30000000002,-0.197561,0.9830730000000002,12,13,0,10,15,0,1.1806340000000002,-1,1,True
PGLC,XGBoost,PGLC_predictions_20260311_115733_20260304_20260511.csv,shares,short,25,2026-03-04,2026-04-09,12.55,2026-03-19,7968.0,99998.40000000001,-1832.6399999999749,88683.83999999992,98167.36000000003,188683.8399999999,-0.01832639999999975,0.8868383999999992,24,1,0,13,10,2,0.905164799999999,-1,1,True
PIAHCLA,Prophet,PIAHCLA_predictions_20260311_152516_20260304_20260511.csv,shares,short,25,2026-03-04,2026-04-09,20.44,2026-03-19,4892.0,99992.48000000001,-13746.519999999993,93192.6,86253.48000000001,193192.6,-0.13746519999999993,0.931926,0,25,0,13,11,1,1.0693911999999999,-1,1,True
PIAHCLB,Prophet,PIAHCLB_predictions_20260311_152527_20260304_20260511.csv,shares,short,22,2026-03-04,2026-04-09,16200.03,2026-03-19,6.0,97200.18000000001,-4100.700000000004,51323.94,95899.29999999999,151323.94,-0.04100700000000004,0.5132394,17,5,0,9,7,6,0.5542464,-1,1,True
PIM,Prophet,PIM_predictions_20260311_152812_20260304_20260511.csv,shares,short,21,2026-03-04,2026-04-09,18.54,2026-04-09,5394.0,100004.76,-18932.94000000001,97253.82000000005,81067.06,197253.82000000007,-0.1893294000000001,0.9725382000000005,3,18,0,7,8,6,1.1618676000000006,-1,1,True
PINL,Prophet,PINL_predictions_20260311_120241_20260304_20260511.csv,shares,short,25,2026-03-04,2026-04-09,7.07,2026-03-19,14144.0,99998.08,-1697.2799999999988,106928.64000000001,98302.72,206928.64,-0.01697279999999999,1.0692864000000002,0,25,0,14,9,2,1.0862592000000002,-1,1,True
PKGI,Prophet,PKGI_predictions_20260311_120609_20260304_20260511.csv,shares,short,25,2026-03-04,2026-04-09,32.9,2026-03-19,3040.0,100016.0,-10214.400000000001,162214.40000000002,89785.6,262214.4,-0.10214400000000001,1.6221440000000003,1,24,0,12,13,0,1.7242880000000003,-1,1,True
PKGS,Prophet,PKGS_predictions_20260311_120957_20260304_20260511.csv,shares,short,25,2026-03-04,2026-04-09,677.09,2026-03-19,148.0,100209.32,-7320.080000000006,76299.92,92679.92,176299.91999999998,-0.07320080000000007,0.7629992,0,25,0,10,15,0,0.8362,-1,1,True
POML,RandomForest,POML_predictions_20260311_121504_20260304_20260511.csv,shares,short,25,2026-03-04,2026-04-09,124.35,2026-03-19,804.0,99977.4,-14214.719999999985,66137.03999999996,85785.28000000001,166137.03999999998,-0.14214719999999983,0.6613703999999997,10,15,0,13,9,3,0.8035175999999995,-1,1,True
POWER,Prophet,POWER_predictions_20260311_153004_20260304_20260511.csv,shares,short,25,2026-03-04,2026-04-09,16.63,2026-03-19,6013.0,99996.18999999999,-11244.310000000005,96749.1699999999,88755.69,196749.1699999999,-0.11244310000000005,0.967491699999999,0,25,0,13,12,0,1.079934799999999,-1,1,True
PPL,XGBoost,PPL_predictions_20260311_121703_20260304_20260511.csv,shares,short,25,2026-03-04,2026-04-09,213.83,2026-03-19,468.0,100072.44,-27485.640000000003,80510.03999999996,72514.36,180510.03999999998,-0.27485640000000006,0.8051003999999996,3,22,0,11,14,0,1.0799567999999997,-1,1,True
PPVC,Prophet,PPVC_predictions_20260311_121852_20260304_20260511.csv,shares,short,23,2026-03-04,2026-04-09,16.4,2026-04-09,6098.0,100007.2,-19086.73999999999,60065.3,80913.26000000001,160065.3,-0.1908673999999999,0.600653,1,22,0,6,4,13,0.7915203999999999,-1,1,True
PREMA,RandomForest,PREMA_predictions_20260311_122104_20260304_20260511.csv,shares,short,25,2026-03-04,2026-04-09,26.04,2026-03-19,3840.0,99993.59999999999,-21120.00000000002,75571.20000000006,78879.99999999999,175571.20000000007,-0.2112000000000002,0.7557120000000006,8,17,0,13,12,0,0.9669120000000008,-1,1,True
PRL,RandomForest,PRL_predictions_20260311_122347_20260304_20260511.csv,shares,short,25,2026-03-04,2026-04-09,30.22,2026-03-19,3309.0,99997.98,-48973.20000000003,84511.85999999999,51026.79999999997,184511.86,-0.48973200000000033,0.8451185999999998,11,14,0,13,12,0,1.3348506000000002,-1,1,True
PRWM,RandomForest,PRWM_predictions_20260311_122439_20260303_20260508.csv,shares,short,15,2026-03-13,2026-04-09,40.51,2026-04-09,2469.0,100019.19,-5999.67,5999.67,94000.33,105999.67,-0.0599967,0.0599967,6,9,0,1,2,12,0.1199934,-1,1,True
PSO,RandomForest,PSO_predictions_20260311_122730_20260304_20260511.csv,shares,short,25,2026-03-04,2026-04-09,362.92,2026-03-19,276.0,100165.92,-13311.479999999987,76443.72000000002,86688.52000000002,176443.72000000003,-0.13311479999999987,0.7644372000000001,7,18,0,11,14,0,0.897552,-1,1,True
PSYL,Prophet,PSYL_predictions_20260311_122839_20260225_20260504.csv,shares,short,14,2026-03-05,2026-04-09,60.0,2026-03-19,1667.0,100020.0,-6201.240000000009,27105.42000000002,93798.76,127105.42000000001,-0.062012400000000086,0.2710542000000002,0,14,0,3,2,9,0.33306660000000027,-1,1,True
PTC,XGBoost,PTC_predictions_20260311_123051_20260304_20260511.csv,shares,short,25,2026-03-04,2026-04-09,51.72,2026-03-19,1933.0,99974.76,-560.5699999999852,105445.15,99439.43000000002,205445.15,-0.005605699999999852,1.0544514999999999,20,5,0,11,14,0,1.0600571999999997,-1,1,True
PTL,Prophet,PTL_predictions_20260311_153419_20260304_20260511.csv,shares,short,25,2026-03-04,2026-04-09,49.4,2026-03-19,2024.0,99985.59999999999,-2104.9599999999996,88894.07999999999,97895.04,188894.08,-0.021049599999999995,0.8889407999999999,0,25,0,12,13,0,0.9099903999999999,-1,1,True
QUICE,RandomForest,QUICE_predictions_20260311_123339_20260304_20260511.csv,shares,short,25,2026-03-04,2026-04-09,21.84,2026-03-19,4579.0,100005.36,-1511.069999999991,108751.25000000004,98488.93000000001,208751.25000000006,-0.015110699999999911,1.0875125000000003,25,0,0,9,16,0,1.1026232000000002,-1,1,True
RCML,XGBoost,RCML_predictions_20260311_123412_20260304_20260511.csv,shares,short,17,2026-03-04,2026-04-09,387.88,2026-04-09,258.0,100073.04,-8944.860000000019,46581.90000000002,91055.13999999998,146581.90000000002,-0.08944860000000018,0.4658190000000002,16,1,0,6,5,6,0.5552676000000004,-1,1,True
REWM,Prophet,REWM_predictions_20260311_123632_20260304_20260511.csv,shares,short,20,2026-03-05,2026-04-09,179.67,2026-03-19,557.0,100076.18999999999,-16425.930000000008,27933.550000000017,83574.06999999999,127933.55000000002,-0.16425930000000008,0.2793355000000002,20,0,0,1,3,16,0.4435948000000003,-1,1,True
RMPL,Prophet,RMPL_predictions_20260311_123848_20260304_20260511.csv,shares,short,25,2026-03-04,2026-04-09,8987.31,2026-03-19,11.0,98860.40999999999,-2032.25,19968.409999999974,97967.75,119968.40999999997,-0.0203225,0.19968409999999975,0,25,0,12,12,1,0.22000659999999975,-1,1,True
RPL,Prophet,RPL_predictions_20260311_124038_20260304_20260511.csv,shares,short,25,2026-03-04,2026-04-09,13.56,2026-03-19,7375.0,100005.0,-10546.250000000002,68071.25000000001,89453.75,168071.25,-0.10546250000000001,0.6807125000000002,0,25,0,14,11,0,0.7861750000000002,-1,1,True
SAIF,Prophet,SAIF_predictions_20260311_124439_20260304_20260511.csv,shares,short,25,2026-03-04,2026-04-09,26.03,2026-03-19,3842.0,100007.26000000001,-12409.66,88173.90000000002,87590.34,188173.90000000002,-0.1240966,0.8817390000000003,23,2,0,12,11,2,1.0058356000000002,-1,1,True
SANSM,Prophet,SANSM_predictions_20260311_124506_20260304_20260511.csv,shares,short,25,2026-03-04,2026-04-09,103.36,2026-03-19,967.0,99949.12,-23217.669999999984,129239.54999999999,76782.33000000002,229239.55,-0.23217669999999985,1.2923954999999998,0,25,0,11,10,4,1.5245721999999997,-1,1,True
SARC,Prophet,SARC_predictions_20260311_124701_20260304_20260511.csv,shares,short,24,2026-03-04,2026-04-09,64.0,2026-03-19,1562.0,99968.0,-15666.86,96359.78000000003,84333.14,196359.78000000003,-0.15666860000000002,0.9635978000000003,0,24,0,10,11,3,1.1202664000000002,-1,1,True
SASML,Prophet,SASML_predictions_20260311_124729_20260304_20260511.csv,shares,short,19,2026-03-04,2026-04-09,222.6,2026-03-19,449.0,99947.4,-8405.279999999999,63434.71999999997,91594.72,163434.71999999997,-0.08405279999999998,0.6343471999999997,19,0,0,3,4,12,0.7183999999999997,-1,1,True
SAZEW,Prophet,SAZEW_predictions_20260311_124915_20260304_20260511.csv,shares,short,25,2026-03-04,2026-04-09,1811.95,2026-03-19,55.0,99657.25,-9269.699999999997,78712.70000000003,90730.3,178712.7,-0.09269699999999997,0.7871270000000002,25,0,0,11,14,0,0.8798240000000002,-1,1,True
SCBPL,RandomForest,SCBPL_predictions_20260311_125240_20260304_20260511.csv,shares,short,25,2026-03-04,2026-04-09,64.0,2026-03-19,1562.0,99968.0,-12605.340000000013,64807.37999999999,87394.65999999999,164807.38,-0.12605340000000012,0.6480737999999999,24,1,0,13,12,0,0.7741272,-1,1,True
SEL,Prophet,SEL_predictions_20260311_125610_20260304_20260511.csv,shares,short,25,2026-03-04,2026-04-09,24.96,2026-03-19,4006.0,99989.76000000001,-15022.5,77195.62000000005,84977.5,177195.62000000005,-0.150225,0.7719562000000005,0,25,0,11,12,2,0.9221812000000005,-1,1,True
SEPL,Prophet,SEPL_predictions_20260311_125756_20260304_20260511.csv,shares,short,25,2026-03-04,2026-04-09,138.69,2026-03-19,721.0,99995.49,-6251.0700000000525,72496.55,93748.92999999995,172496.55,-0.06251070000000053,0.7249655,17,8,0,10,15,0,0.7874762000000006,-1,1,True
SFL,Prophet,SFL_predictions_20260311_130003_20260304_20260511.csv,shares,short,25,2026-03-04,2026-04-09,1097.13,2026-03-19,91.0,99838.83000000002,-2129.4000000000083,33384.25999999999,97870.59999999999,133384.25999999998,-0.021294000000000084,0.3338425999999999,25,0,0,7,8,10,0.35513659999999997,-1,1,True
SGF,Prophet,SGF_predictions_20260311_130148_20260304_20260511.csv,shares,short,25,2026-03-04,2026-04-09,87.57,2026-03-19,1142.0,100004.93999999999,-5241.779999999986,85501.54000000005,94758.22000000002,185501.54000000004,-0.05241779999999986,0.8550154000000005,25,0,0,11,14,0,0.9074332000000004,-1,1,True
SHEZ,RandomForest,SHEZ_predictions_20260311_130632_20260304_20260511.csv,shares,short,25,2026-03-04,2026-04-09,219.58,2026-03-19,455.0,99908.90000000001,-21102.899999999998,82455.1,78897.1,182455.1,-0.21102899999999997,0.824551,9,16,0,11,10,4,1.03558,-1,1,True
SHFA,RandomForest,SHFA_predictions_20260311_130816_20260304_20260511.csv,shares,short,25,2026-03-04,2026-04-09,466.3,2026-03-19,214.0,99788.2,-15729.0,50782.20000000004,84271.0,150782.20000000004,-0.15729,0.5078220000000004,7,18,0,15,10,0,0.6651120000000005,-1,1,True
SHNI,RandomForest,SHNI_predictions_20260311_131030_20260304_20260511.csv,shares,short,25,2026-03-04,2026-04-09,8.88,2026-03-19,11261.0,99997.68000000001,-9346.629999999937,131415.87000000002,90653.37000000007,231415.87000000002,-0.09346629999999938,1.3141587000000003,11,14,0,9,13,3,1.4076249999999997,-1,1,True
SIBL,XGBoost,SIBL_predictions_20260311_131255_20260304_20260511.csv,shares,short,25,2026-03-04,2026-04-09,7.4,2026-03-19,13514.0,100003.6,-58650.75999999998,91624.91999999997,41349.24000000002,191624.91999999998,-0.5865075999999998,0.9162491999999997,12,13,0,7,9,9,1.5027567999999993,-1,1,True
SINDM,Prophet,SINDM_predictions_20260311_153518_20260304_20260511.csv,shares,short,25,2026-03-04,2026-04-09,19.2,2026-03-19,5208.0,99993.59999999999,-11822.159999999962,72130.79999999999,88177.84000000004,172130.8,-0.11822159999999962,0.7213079999999998,21,4,0,11,12,2,0.8395295999999994,-1,1,True
SKRS,RandomForest,SKRS_predictions_20260311_131759_20260304_20260511.csv,shares,short,25,2026-03-04,2026-04-09,20.69,2026-03-19,4833.0,99994.77,-30206.250000000004,75733.11000000002,69793.75,175733.11000000002,-0.3020625,0.7573311000000001,11,14,0,11,13,1,1.0593936000000002,-1,1,True
SLYT,RandomForest,SLYT_predictions_20260311_131832_20260304_20260511.csv,shares,short,25,2026-03-04,2026-04-09,12.5,2026-03-19,8000.0,100000.0,-9519.999999999993,49199.99999999994,90480.0,149199.99999999994,-0.09519999999999992,0.49199999999999944,0,25,0,7,6,12,0.5871999999999994,-1,1,True
SML,XGBoost,SML_predictions_20260311_132044_20260228_20260507.csv,shares,short,22,2026-03-05,2026-04-09,123.13,2026-03-19,812.0,99981.56,-5310.479999999997,80469.19999999995,94689.52,180469.19999999995,-0.053104799999999966,0.8046919999999995,15,7,0,7,8,7,0.8577967999999995,-1,1,True
SNAI,Prophet,SNAI_predictions_20260311_132135_20260303_20260508.csv,shares,short,14,2026-03-10,2026-04-09,35.97,2026-03-19,2780.0,99996.59999999999,-1139.7999999999902,25992.999999999985,98860.20000000001,125992.99999999999,-0.011397999999999901,0.25992999999999983,14,0,0,3,4,7,0.27132799999999974,-1,1,True
SNBL,Prophet,SNBL_predictions_20260311_132321_20260304_20260511.csv,shares,short,25,2026-03-04,2026-04-09,19.47,2026-03-19,5136.0,99997.92,-13404.959999999983,63532.32000000004,86595.04000000002,163532.32000000004,-0.13404959999999982,0.6353232000000004,21,4,0,12,13,0,0.7693728000000002,-1,1,True
SPEL,Prophet,SPEL_predictions_20260311_132708_20260304_20260511.csv,shares,short,25,2026-03-04,2026-04-09,33.06,2026-03-19,3025.0,100006.5,-7895.250000000002,93079.24999999991,92104.75,193079.2499999999,-0.07895250000000002,0.9307924999999991,1,24,0,13,11,1,1.0097449999999992,-1,1,True
SPL,Prophet,SPL_predictions_20260311_132919_20260304_20260511.csv,shares,short,25,2026-03-04,2026-04-09,35.23,2026-03-19,2838.0,99982.73999999999,-10160.040000000059,86161.68000000005,89839.95999999993,186161.68000000005,-0.10160040000000059,0.8616168000000005,8,17,0,14,11,0,0.9632172000000011,-1,1,True
SRVI,Prophet,SRVI_predictions_20260311_133116_20260304_20260511.csv,shares,short,25,2026-03-04,2026-04-09,1473.62,2026-03-19,68.0,100206.15999999999,-2018.2400000000034,69451.12000000002,97981.76,169451.12000000002,-0.020182400000000034,0.6945112000000002,0,25,0,12,13,0,0.7146936000000003,-1,1,True
SSGC,Prophet,SSGC_predictions_20260311_133314_20260304_20260511.csv,shares,short,25,2026-03-04,2026-04-09,22.65,2026-03-19,4415.0,99999.75,-11655.599999999986,93774.6,88344.40000000001,193774.6,-0.11655599999999985,0.9377460000000001,0,25,0,12,13,0,1.0543019999999999,-1,1,True
SSML,RandomForest,SSML_predictions_20260311_133446_20260304_20260511.csv,shares,short,22,2026-03-04,2026-04-09,22.72,2026-03-19,4401.0,99990.72,-3564.8099999999804,76621.41000000003,96435.19000000002,176621.41000000003,-0.0356480999999998,0.7662141000000003,5,17,0,6,5,11,0.8018622000000002,-1,1,True
STPL,Prophet,STPL_predictions_20260311_134128_20260304_20260511.csv,shares,short,25,2026-03-04,2026-04-09,6.27,2026-03-19,15949.0,100000.23,-5263.169999999959,77033.67,94736.83000000005,177033.66999999998,-0.052631699999999594,0.7703367,17,8,0,12,13,0,0.8229683999999996,-1,1,True
TATM,Prophet,TATM_predictions_20260311_134642_20260304_20260511.csv,shares,short,25,2026-03-04,2026-04-09,87.26,2026-03-19,1146.0,99999.96,-3529.6799999999675,97455.83999999995,96470.32000000004,197455.83999999997,-0.03529679999999968,0.9745583999999995,8,17,0,13,12,0,1.0098551999999992,-1,1,True
TELE,Prophet,TELE_predictions_20260311_134842_20260304_20260511.csv,shares,short,25,2026-03-04,2026-04-09,7.2,2026-03-19,13889.0,100000.8,-19166.81999999999,97223.00000000001,80833.18000000001,197223.0,-0.1916681999999999,0.9722300000000001,0,25,0,13,10,2,1.1638982,-1,1,True
TICL,Prophet,TICL_predictions_20260311_135334_20260304_20260511.csv,shares,short,25,2026-03-04,2026-04-09,636.18,2026-03-19,157.0,99880.26,-2676.8499999999935,51761.33,97323.15000000001,151761.33000000002,-0.026768499999999935,0.5176133,25,0,0,6,6,13,0.5443818,-1,1,True
TOMCL,RandomForest,TOMCL_predictions_20260311_154335_20260304_20260511.csv,shares,short,25,2026-03-04,2026-04-09,30.14,2026-03-19,3318.0,100004.52,-6071.940000000044,87429.29999999999,93928.05999999995,187429.3,-0.060719400000000444,0.8742929999999999,6,19,0,11,14,0,0.9350124000000003,-1,1,True
TOWL,Prophet,TOWL_predictions_20260311_135511_20260304_20260511.csv,shares,short,25,2026-03-04,2026-04-09,114.0,2026-03-19,877.0,99978.0,-6533.649999999989,51997.329999999994,93466.35,151997.33,-0.06533649999999988,0.5199733,17,8,0,10,12,3,0.5853097999999999,-1,1,True
TPL,Prophet,TPL_predictions_20260311_154526_20260304_20260511.csv,shares,short,25,2026-03-04,2026-04-09,7.03,2026-03-19,14225.0,100001.75,-5263.249999999987,122761.74999999996,94736.75000000001,222761.74999999994,-0.052632499999999874,1.2276174999999996,0,25,0,9,14,2,1.2802499999999994,-1,1,True
TPLT,RandomForest,TPLT_predictions_20260311_154730_20260304_20260511.csv,shares,short,25,2026-03-04,2026-04-09,9.13,2026-03-19,10953.0,100000.89000000001,-8652.870000000028,89924.13000000003,91347.12999999998,189924.13000000003,-0.08652870000000028,0.8992413000000004,2,23,0,13,12,0,0.9857700000000006,-1,1,True
TREET,XGBoost,TREET_predictions_20260311_140027_20260304_20260511.csv,shares,short,25,2026-03-04,2026-04-09,21.93,2026-03-19,4560.0,100000.8,-9165.599999999975,97356.00000000003,90834.40000000002,197356.00000000003,-0.09165599999999975,0.9735600000000003,13,12,0,12,13,0,1.0652160000000002,-1,1,True
TRSM,Prophet,TRSM_predictions_20260311_140500_20260304_20260511.csv,shares,short,25,2026-03-04,2026-04-09,15.63,2026-03-19,6398.0,100000.74,-42546.700000000004,136725.26,57453.299999999996,236725.26,-0.42546700000000004,1.3672526,0,25,0,17,8,0,1.7927196,-1,1,True
TSMF,XGBoost,TSMF_predictions_20260311_140609_20260304_20260511.csv,shares,short,23,2026-03-04,2026-04-09,13.79,2026-03-19,7252.0,100005.07999999999,-26397.280000000002,88619.43999999999,73602.72,188619.44,-0.2639728,0.8861943999999998,13,10,0,13,8,2,1.1501671999999998,-1,1,True
TSPL,Prophet,TSPL_predictions_20260311_140847_20260304_20260511.csv,shares,short,25,2026-03-04,2026-04-09,9.19,2026-03-19,10881.0,99996.39,-18932.939999999962,117079.55999999998,81067.06000000004,217079.56,-0.18932939999999962,1.1707956,17,8,0,11,14,0,1.3601249999999996,-1,1,True
UBL,Prophet,UBL_predictions_20260311_141202_20260304_20260511.csv,shares,short,25,2026-03-04,2026-04-09,368.72,2026-03-19,271.0,99923.12000000001,-16696.31,87432.72999999995,83303.69,187432.72999999995,-0.1669631,0.8743272999999995,25,0,0,11,14,0,1.0412903999999994,-1,1,True
UBLPETF,Prophet,UBLPETF_predictions_20260311_154817_20260304_20260511.csv,shares,short,25,2026-03-04,2026-04-09,35.67,2026-03-19,2803.0,99983.01000000001,-6362.81000000001,67468.20999999993,93637.18999999999,167468.20999999993,-0.0636281000000001,0.6746820999999993,0,25,0,10,15,0,0.7383101999999994,-1,1,True
UDLI,Prophet,UDLI_predictions_20260311_141353_20260304_20260511.csv,shares,short,25,2026-03-04,2026-04-09,16.96,2026-03-19,5896.0,99996.16,-16744.639999999996,58134.560000000056,83255.36,158134.56000000006,-0.16744639999999997,0.5813456000000006,0,25,0,13,11,1,0.7487920000000006,-1,1,True
UDPL,RandomForest,UDPL_predictions_20260311_141432_20260304_20260511.csv,shares,short,25,2026-03-04,2026-04-09,112.19,2026-03-19,891.0,99961.29,-13543.199999999992,69818.76000000002,86456.8,169818.76,-0.1354319999999999,0.6981876000000002,6,19,0,14,11,0,0.8336196000000001,-1,1,True
UNIC,RandomForest,UNIC_predictions_20260311_141611_20260304_20260511.csv,shares,short,25,2026-03-04,2026-04-09,15.16,2026-03-19,6596.0,99995.36,-7981.159999999991,54944.68000000002,92018.84000000001,154944.68000000002,-0.07981159999999991,0.5494468000000002,24,1,0,12,13,0,0.6292584000000001,-1,1,True
UVIC,Prophet,UVIC_predictions_20260311_141954_20260304_20260511.csv,shares,short,23,2026-03-04,2026-04-09,22.0,2026-04-09,4545.0,99990.0,-4317.749999999995,74765.24999999997,95682.25,174765.24999999997,-0.04317749999999995,0.7476524999999997,23,0,0,8,6,9,0.7908299999999997,-1,1,True
WAVES,Prophet,WAVES_predictions_20260311_142321_20260304_20260511.csv,shares,short,25,2026-03-04,2026-04-09,9.38,2026-03-19,10661.0,100000.18000000001,-9594.89999999998,98294.41999999995,90405.10000000002,198294.41999999995,-0.0959489999999998,0.9829441999999995,8,17,0,12,12,1,1.0788931999999993,-1,1,True
WAVESAPP,Prophet,WAVESAPP_predictions_20260311_154850_20260304_20260511.csv,shares,short,25,2026-03-04,2026-04-09,7.63,2026-03-19,13106.0,99998.78,-786.3600000000033,90693.52000000002,99213.64,190693.52000000002,-0.007863600000000033,0.9069352000000002,0,25,0,12,13,0,0.9147988000000002,-1,1,True
WTL,XGBoost,WTL_predictions_20260311_142526_20260304_20260511.csv,shares,short,25,2026-03-04,2026-04-09,1.22,2026-03-19,81967.0,99999.73999999999,-1639.3399999999976,73770.30000000006,98360.66,173770.30000000005,-0.016393399999999978,0.7377030000000007,23,2,0,11,10,4,0.7540964000000007,-1,1,True
YOUW,RandomForest,YOUW_predictions_20260311_142731_20260304_20260511.csv,shares,short,25,2026-03-04,2026-04-09,4.2,2026-03-19,23810.0,100002.0,-35000.69999999999,94525.69999999995,64999.30000000001,194525.69999999995,-0.3500069999999999,0.9452569999999996,6,19,0,13,12,0,1.2952639999999995,-1,1,True
ZAHID,Prophet,ZAHID_predictions_20260311_142818_20260304_20260511.csv,shares,short,25,2026-03-04,2026-04-09,36.83,2026-03-19,2715.0,99993.45,-16018.499999999996,62607.90000000006,83981.5,162607.90000000005,-0.16018499999999997,0.6260790000000006,0,25,0,10,10,5,0.7862640000000005,-1,1,True
ZIL,Prophet,ZIL_predictions_20260311_142919_20260304_20260511.csv,shares,short,25,2026-03-04,2026-04-09,373.19,2026-03-19,268.0,100014.92,-4357.679999999996,45099.040000000015,95642.32,145099.04,-0.04357679999999996,0.4509904000000002,0,25,0,8,8,9,0.49456720000000015,-1,1,True
